topic_cluster,representative_keywords,intent,suggested_page_type,target_title_ideas,schema_type
Cost & Pricing,"scalp micropigmentation cost,scalp micropigmentation cost Canada,SMP cost,scalp micropigmentation price",Commercial,Pillar Page,"SMP Cost in Canada 2024: Complete Pricing Guide","HowTo"
Pain & Comfort,"does SMP hurt,scalp micropigmentation pain,SMP pain level,scalp micropigmentation discomfort",Informational,Guide,"Does Scalp Micropigmentation Hurt? Pain Guide 2024","FAQPage"
Longevity & Fading,"scalp micropigmentation fading,SMP longevity,how long does SMP last,scalp micropigmentation touch up",Informational,Pillar Page,"SMP Longevity & Fading: How Long Does It Last?","Article"
Women's SMP,"scalp micropigmentation women,female SMP,women's hair tattoo,SMP for women",Commercial,Guide,"SMP for Women: Complete Guide to Female Scalp Micropigmentation","Article"
Alopecia & Scar Camouflage,"SMP alopecia,scalp micropigmentation scars,scar camouflage SMP,FUE scar SMP",Commercial,Guide,"SMP for Alopecia & Scar Camouflage: Complete Guide","HowTo"
SMP vs Alternatives,"SMP vs hair transplant,SMP vs PRP,SMP vs microblading,scalp micropigmentation vs hair transplant",Informational,Comparison,"SMP vs Hair Transplant vs PRP: Which is Better?","Article"
Aftercare & Maintenance,"SMP aftercare,scalp micropigmentation aftercare,SMP maintenance,scalp micropigmentation healing",Informational,Guide,"SMP Aftercare: Complete Healing & Maintenance Guide","HowTo"
Safety & Side Effects,"scalp micropigmentation side effects,SMP risks,SMP safety,scalp micropigmentation complications",Informational,Guide,"SMP Safety & Side Effects: What You Need to Know","FAQPage"
Local Services - Toronto,"scalp micropigmentation Toronto,SMP Toronto,scalp micropigmentation near me Toronto",Local,City Hub,"Scalp Micropigmentation Toronto: Best SMP Clinics 2024","LocalBusiness"
Local Services - Vancouver,"scalp micropigmentation Vancouver,SMP Vancouver,scalp micropigmentation near me Vancouver",Local,City Hub,"Scalp Micropigmentation Vancouver: Top SMP Artists 2024","LocalBusiness"
Local Services - Montreal,"scalp micropigmentation Montreal,SMP Montreal,micropigmentation capillaire Montreal",Local,City Hub,"Scalp Micropigmentation Montreal: Meilleurs Cliniques SMP 2024","LocalBusiness"
Local Services - Calgary,"scalp micropigmentation Calgary,SMP Calgary,scalp micropigmentation near me Calgary",Local,City Hub,"Scalp Micropigmentation Calgary: Premier SMP Services 2024","LocalBusiness"
Before & After,"scalp micropigmentation before and after,SMP results,SMP gallery,scalp micropigmentation photos",Informational,Gallery,"SMP Before & After: Real Results Gallery","ImageObject"
Choosing a Practitioner,"how to choose SMP artist,SMP certification Canada,scalp micropigmentation training",Informational,Guide,"How to Choose the Best SMP Artist in Canada","Article"
Regulations & Certification,"SMP regulations Canada,scalp micropigmentation certification,SMP training Canada",Informational,Guide,"SMP Regulations & Certification in Canada","Article"
